osobní èíslo;datum_pristupu;cas_pristupu
120558;09.09.2019;15:09:22
120568;09.09.2019;12:38:16
120564;09.09.2019;5:04:18
120560;09.09.2019;10:23:39
120556;09.09.2019;9:24:18
120552;09.09.2019;5:28:48
120548;09.09.2019;7:45:25
120544;09.09.2019;10:14:50
120540;09.09.2019;9:25:59
120536;09.09.2019;11:13:16
120532;09.09.2019;11:31:42
120528;09.09.2019;11:15:11
120524;09.09.2019;11:17:49
120520;09.09.2019;8:00:21
120516;09.09.2019;18:35:47
120512;09.09.2019;13:43:51
120508;09.09.2019;9:40:07
120504;09.09.2019;13:08:26
120500;09.09.2019;19:31:29
120496;09.09.2019;12:29:10
120492;09.09.2019;11:22:35
120488;09.09.2019;11:38:33
120484;09.09.2019;19:49:23
120558;09.09.2019;8:14:52
120568;09.09.2019;14:19:41
120564;09.09.2019;7:06:23
120560;10.09.2019;13:28:26
120556;10.09.2019;18:43:22
120552;10.09.2019;18:41:47
120548;10.09.2019;9:12:08
120544;10.09.2019;11:55:06
120540;10.09.2019;14:35:33
120536;10.09.2019;9:51:54
120532;10.09.2019;18:48:34
120528;10.09.2019;15:35:01
120524;10.09.2019;13:46:23
120520;10.09.2019;19:13:53
120516;10.09.2019;10:50:03
120512;10.09.2019;16:51:08
120558;10.09.2019;12:04:17
120568;10.09.2019;16:28:36
120564;10.09.2019;14:52:31
120560;10.09.2019;19:42:31
120556;10.09.2019;16:39:56
120552;10.09.2019;18:38:20
120548;11.09.2019;14:51:41
120544;11.09.2019;6:40:21
120540;11.09.2019;18:46:30
120536;11.09.2019;9:03:27
120532;11.09.2019;15:35:14
120528;11.09.2019;16:58:18
120524;11.09.2019;17:51:57
120520;11.09.2019;19:53:23
120516;11.09.2019;8:37:38
120512;12.09.2019;16:14:49
120508;12.09.2019;14:12:17
120488;12.09.2019;14:18:08
120484;12.09.2019;16:44:12
120558;12.09.2019;7:56:17
120568;12.09.2019;19:27:43
120564;12.09.2019;10:52:52
120560;12.09.2019;16:22:51
120556;12.09.2019;14:36:08
120544;12.09.2019;16:12:09
120540;12.09.2019;11:10:59
120536;12.09.2019;8:04:17
120532;12.09.2019;15:32:27
120528;12.09.2019;17:52:08
120524;12.09.2019;19:28:33
120520;12.09.2019;15:03:19
120516;12.09.2019;12:28:35
120512;12.09.2019;5:49:56
120508;12.09.2019;9:47:31
120488;12.09.2019;9:03:09
120484;12.09.2019;19:51:07
120558;12.09.2019;10:52:10
120568;11.02.2019;15:13:45
120564;11.02.2019;15:03:44
120560;11.02.2019;5:10:56
120556;11.02.2019;17:52:34
120504;11.02.2019;17:08:27
120500;11.02.2019;16:36:05
120496;11.02.2019;6:37:30
120492;11.02.2019;9:01:29
120488;11.02.2019;15:20:05
120484;11.02.2019;16:52:01
120484;11.02.2019;16:37:01
120558;11.02.2019;12:43:39
120568;11.02.2019;13:46:14
120564;11.02.2019;11:02:38
120560;11.02.2019;5:39:31
120556;11.02.2019;10:22:23
120540;11.02.2019;18:06:25
120536;11.02.2019;8:33:03
120532;11.02.2019;14:12:27
120528;11.02.2019;5:10:53
120524;11.02.2019;18:22:52
120520;11.02.2019;13:47:51
120520;11.02.2019;14:03:17
120528;11.02.2019;12:21:39
